model,MAE,RMSE,MAPE
ARIMA,0.45359083456147253,0.7084712394213366,0.726981852993057
LSTM,0.7663302103678379,0.9162355819729876,1.2309259298033857
Random Forest,0.5359813830226302,0.7249400799020111,0.8612797594963648
Naive Baseline,0.45283355712890627,0.7129182993365804,0.7257462256226709
